0,2
1,11
2,27
3,28
4,29
5,30
6,31
7,32
8,33
9,34
10,35
11,36
12,37
13,38
14,39
15,40
16,41
17,42
18,43
19,44
20,45
21,46
22,47
23,48
24,49
25,50
26,51
27,52
28,53
29,54
30,55
31,59
32,60
33,62
34,63
35,64
36,0=dctc
37,0=def
38,0=dem
39,0=demnum
40,0=el
41,0=indef
42,0=null
43,0=num
44,0=numpro
45,0=poss
46,0=posspro
47,0=pro
48,0=relpro
49,14=acomp
50,14=advcl
51,14=advmod
52,14=agent
53,14=amod
54,14=cc
55,14=ccomp
56,14=conj_and
57,14=conj_but
58,14=conj_negcc
59,14=conj_or
60,14=csubj
61,14=dep
62,14=det
63,14=dobj
64,14=expl
65,14=iobj
66,14=mark
67,14=na
68,14=neg
69,14=nn
70,14=npadvmod
71,14=nsubj
72,14=nsubjpass
73,14=num
74,14=partmod
75,14=pcomp
76,14=pobj
77,14=poss
78,14=prep
79,14=prep_about
80,14=prep_above
81,14=prep_across
82,14=prep_across_from
83,14=prep_after
84,14=prep_ahead_of
85,14=prep_along
86,14=prep_apart_from
87,14=prep_around
88,14=prep_as
89,14=prep_at
90,14=prep_away_from
91,14=prep_before
92,14=prep_below
93,14=prep_beneath
94,14=prep_beside
95,14=prep_between
96,14=prep_beyond
97,14=prep_by
98,14=prep_close_to
99,14=prep_down
100,14=prep_following
101,14=prep_for
102,14=prep_from
103,14=prep_in
104,14=prep_in_front_of
105,14=prep_inside
106,14=prep_instead_of
107,14=prep_into
108,14=prep_like
109,14=prep_near
110,14=prep_nearer
111,14=prep_next_to
112,14=prep_of
113,14=prep_off
114,14=prep_on
115,14=prep_on_top_of
116,14=prep_onto
117,14=prep_opposite
118,14=prep_out_of
119,14=prep_outside
120,14=prep_outside_of
121,14=prep_over
122,14=prep_past
123,14=prep_than
124,14=prep_that
125,14=prep_that's
126,14=prep_through
127,14=prep_to
128,14=prep_towards
129,14=prep_under
130,14=prep_underneath
131,14=prep_until
132,14=prep_up
133,14=prep_with
134,14=prepc_of
135,14=prepc_to
136,14=prepc_towards
137,14=prepc_under
138,14=prepc_with
139,14=quantmod
140,14=rcmod
141,14=rel
142,14=root
143,14=tmod
144,14=xcomp
145,16=f
146,16=g
147,17=acknowledge
148,17=align
149,17=check
150,17=clarify
151,17=explain
152,17=instruct
153,17=query_w
154,17=query_yn
155,17=reply_n
156,17=reply_w
157,17=reply_y
158,17=uncodable
159,18=dctc_dctc
160,18=dctc_def
161,18=dctc_dem
162,18=dctc_indef
163,18=dctc_null
164,18=dctc_poss
165,18=dctc_pro
166,18=dctc_relpro
167,18=def_dctc
168,18=def_def
169,18=def_dem
170,18=def_demnum
171,18=def_el
172,18=def_indef
173,18=def_null
174,18=def_num
175,18=def_numpro
176,18=def_poss
177,18=def_posspro
178,18=def_pro
179,18=def_relpro
180,18=dem_dctc
181,18=dem_def
182,18=dem_dem
183,18=dem_el
184,18=dem_indef
185,18=dem_null
186,18=dem_numpro
187,18=dem_poss
188,18=dem_pro
189,18=demnum_def
190,18=demnum_indef
191,18=demnum_numpro
192,18=el_dctc
193,18=el_def
194,18=el_el
195,18=el_indef
196,18=el_null
197,18=el_poss
198,18=el_posspro
199,18=el_pro
200,18=indef_dctc
201,18=indef_def
202,18=indef_dem
203,18=indef_demnum
204,18=indef_el
205,18=indef_indef
206,18=indef_null
207,18=indef_num
208,18=indef_numpro
209,18=indef_poss
210,18=indef_pro
211,18=indef_relpro
212,18=null_dctc
213,18=null_def
214,18=null_dem
215,18=null_demnum
216,18=null_el
217,18=null_indef
218,18=null_null
219,18=null_num
220,18=null_numpro
221,18=null_poss
222,18=null_posspro
223,18=null_pro
224,18=null_relpro
225,18=num_def
226,18=num_el
227,18=num_indef
228,18=num_null
229,18=num_poss
230,18=numpro_def
231,18=numpro_indef
232,18=numpro_null
233,18=numpro_numpro
234,18=numpro_poss
235,18=numpro_pro
236,18=poss_dctc
237,18=poss_def
238,18=poss_el
239,18=poss_indef
240,18=poss_null
241,18=poss_num
242,18=poss_numpro
243,18=poss_poss
244,18=poss_pro
245,18=posspro_def
246,18=posspro_el
247,18=posspro_indef
248,18=posspro_null
249,18=pro_dctc
250,18=pro_def
251,18=pro_dem
252,18=pro_el
253,18=pro_indef
254,18=pro_null
255,18=pro_poss
256,18=pro_pro
257,18=relpro_def
258,18=relpro_indef
259,18=relpro_null
260,18=relpro_pro
261,20=0_0
262,20=0_1
263,20=1_0
264,20=1_1
265,23=advcl_dobj
266,23=advcl_nsubj
267,23=advcl_prep_at
268,23=advcl_root
269,23=advmod_advmod
270,23=advmod_amod
271,23=advmod_dep
272,23=advmod_dobj
273,23=advmod_nn
274,23=advmod_nsubj
275,23=advmod_pobj
276,23=advmod_prep_above
277,23=advmod_prep_at
278,23=advmod_prep_below
279,23=advmod_prep_next_to
280,23=advmod_prep_of
281,23=advmod_prep_on_top_of
282,23=advmod_prep_past
283,23=advmod_prep_to
284,23=advmod_rcmod
285,23=advmod_root
286,23=agent_dobj
287,23=agent_root
288,23=amod_advmod
289,23=amod_ccomp
290,23=amod_conj_and
291,23=amod_dep
292,23=amod_dobj
293,23=amod_nn
294,23=amod_npadvmod
295,23=amod_nsubj
296,23=amod_pobj
297,23=amod_prep_above
298,23=amod_prep_at
299,23=amod_prep_below
300,23=amod_prep_of
301,23=amod_prep_to
302,23=amod_prep_under
303,23=amod_prep_underneath
304,23=amod_prep_with
305,23=amod_root
306,23=attr_prep_above
307,23=cc_dobj
308,23=ccomp_advmod
309,23=ccomp_agent
310,23=ccomp_ccomp
311,23=ccomp_conj_or
312,23=ccomp_dep
313,23=ccomp_dobj
314,23=ccomp_nn
315,23=ccomp_nsubj
316,23=ccomp_partmod
317,23=ccomp_pobj
318,23=ccomp_prep_above
319,23=ccomp_prep_along
320,23=ccomp_prep_as
321,23=ccomp_prep_at
322,23=ccomp_prep_away_from
323,23=ccomp_prep_below
324,23=ccomp_prep_beneath
325,23=ccomp_prep_between
326,23=ccomp_prep_from
327,23=ccomp_prep_in
328,23=ccomp_prep_near
329,23=ccomp_prep_of
330,23=ccomp_prep_on_top_of
331,23=ccomp_prep_past
332,23=ccomp_prep_than
333,23=ccomp_prep_to
334,23=ccomp_prep_towards
335,23=ccomp_prep_under
336,23=ccomp_prep_underneath
337,23=ccomp_prep_with
338,23=ccomp_root
339,23=conj_and_advmod
340,23=conj_and_amod
341,23=conj_and_ccomp
342,23=conj_and_conj_and
343,23=conj_and_dep
344,23=conj_and_det
345,23=conj_and_dobj
346,23=conj_and_nn
347,23=conj_and_npadvmod
348,23=conj_and_nsubj
349,23=conj_and_pobj
350,23=conj_and_prep_above
351,23=conj_and_prep_along
352,23=conj_and_prep_at
353,23=conj_and_prep_below
354,23=conj_and_prep_between
355,23=conj_and_prep_by
356,23=conj_and_prep_from
357,23=conj_and_prep_like
358,23=conj_and_prep_near
359,23=conj_and_prep_of
360,23=conj_and_prep_on
361,23=conj_and_prep_over
362,23=conj_and_prep_past
363,23=conj_and_prep_to
364,23=conj_and_prep_under
365,23=conj_and_prep_underneath
366,23=conj_and_prep_with
367,23=conj_and_rcmod
368,23=conj_and_root
369,23=conj_and_xcomp
370,23=conj_but_prep_of
371,23=conj_just_prep_above
372,23=conj_negcc_ccomp
373,23=conj_negcc_nn
374,23=conj_negcc_nsubj
375,23=conj_negcc_prep_above
376,23=conj_negcc_prep_like
377,23=conj_negcc_prep_of
378,23=conj_negcc_prep_underneath
379,23=conj_or_det
380,23=conj_or_dobj
381,23=conj_or_pobj
382,23=conj_or_prep
383,23=conj_or_prep_above
384,23=conj_or_prep_before
385,23=conj_or_prep_from
386,23=conj_or_prep_of
387,23=conj_or_prep_onto
388,23=conj_or_prep_to
389,23=conj_or_root
390,23=dep_advmod
391,23=dep_amod
392,23=dep_cc
393,23=dep_ccomp
394,23=dep_conj_and
395,23=dep_dep
396,23=dep_det
397,23=dep_dobj
398,23=dep_iobj
399,23=dep_na
400,23=dep_nn
401,23=dep_npadvmod
402,23=dep_nsubj
403,23=dep_pobj
404,23=dep_prep_above
405,23=dep_prep_across
406,23=dep_prep_along
407,23=dep_prep_as
408,23=dep_prep_at
409,23=dep_prep_below
410,23=dep_prep_beneath
411,23=dep_prep_beside
412,23=dep_prep_down
413,23=dep_prep_for
414,23=dep_prep_from
415,23=dep_prep_in
416,23=dep_prep_of
417,23=dep_prep_on
418,23=dep_prep_over
419,23=dep_prep_past
420,23=dep_prep_through
421,23=dep_prep_to
422,23=dep_prep_towards
423,23=dep_prep_under
424,23=dep_prep_underneath
425,23=dep_prep_with
426,23=dep_prepc_towards
427,23=dep_rcmod
428,23=dep_rel
429,23=dep_root
430,23=dep_xcomp
431,23=det_amod
432,23=det_det
433,23=det_dobj
434,23=det_nn
435,23=det_nsubj
436,23=det_pobj
437,23=det_prep_above
438,23=det_prep_at
439,23=det_prep_from
440,23=det_prep_of
441,23=dobj_advcl
442,23=dobj_advmod
443,23=dobj_agent
444,23=dobj_amod
445,23=dobj_ccomp
446,23=dobj_conj_and
447,23=dobj_conj_but
448,23=dobj_conj_or
449,23=dobj_csubj
450,23=dobj_dep
451,23=dobj_det
452,23=dobj_dobj
453,23=dobj_expl
454,23=dobj_iobj
455,23=dobj_mark
456,23=dobj_na
457,23=dobj_neg
458,23=dobj_nn
459,23=dobj_npadvmod
460,23=dobj_nsubj
461,23=dobj_nsubjpass
462,23=dobj_num
463,23=dobj_partmod
464,23=dobj_pcomp
465,23=dobj_pobj
466,23=dobj_poss
467,23=dobj_prep
468,23=dobj_prep_about
469,23=dobj_prep_above
470,23=dobj_prep_across
471,23=dobj_prep_across_from
472,23=dobj_prep_after
473,23=dobj_prep_along
474,23=dobj_prep_around
475,23=dobj_prep_as
476,23=dobj_prep_at
477,23=dobj_prep_away_from
478,23=dobj_prep_before
479,23=dobj_prep_below
480,23=dobj_prep_beneath
481,23=dobj_prep_beside
482,23=dobj_prep_between
483,23=dobj_prep_beyond
484,23=dobj_prep_by
485,23=dobj_prep_close_to
486,23=dobj_prep_down
487,23=dobj_prep_for
488,23=dobj_prep_from
489,23=dobj_prep_in
490,23=dobj_prep_in_front_of
491,23=dobj_prep_into
492,23=dobj_prep_like
493,23=dobj_prep_near
494,23=dobj_prep_nearer
495,23=dobj_prep_next_to
496,23=dobj_prep_of
497,23=dobj_prep_off
498,23=dobj_prep_on
499,23=dobj_prep_onto
500,23=dobj_prep_outside
501,23=dobj_prep_over
502,23=dobj_prep_past
503,23=dobj_prep_than
504,23=dobj_prep_that's
505,23=dobj_prep_through
506,23=dobj_prep_to
507,23=dobj_prep_towards
508,23=dobj_prep_under
509,23=dobj_prep_underneath
510,23=dobj_prep_until
511,23=dobj_prep_with
512,23=dobj_prepc_of
513,23=dobj_prepc_towards
514,23=dobj_prepc_under
515,23=dobj_prepc_with
516,23=dobj_rcmod
517,23=dobj_root
518,23=dobj_tmod
519,23=dobj_xcomp
520,23=expl_nn
521,23=expl_prep_of
522,23=mark_dobj
523,23=mark_nn
524,23=mark_nsubj
525,23=mark_pobj
526,23=mark_prep_at
527,23=mark_prep_past
528,23=mark_root
529,23=na_advmod
530,23=na_conj_and
531,23=na_dobj
532,23=na_nsubj
533,23=na_pobj
534,23=na_prep_above
535,23=na_prep_at
536,23=na_root
537,23=neg_prep_at
538,23=nn_advmod
539,23=nn_amod
540,23=nn_ccomp
541,23=nn_conj_and
542,23=nn_conj_or
543,23=nn_dep
544,23=nn_dobj
545,23=nn_iobj
546,23=nn_mark
547,23=nn_na
548,23=nn_nn
549,23=nn_npadvmod
550,23=nn_nsubj
551,23=nn_pobj
552,23=nn_prep
553,23=nn_prep_about
554,23=nn_prep_above
555,23=nn_prep_across
556,23=nn_prep_after
557,23=nn_prep_at
558,23=nn_prep_away_from
559,23=nn_prep_below
560,23=nn_prep_beneath
561,23=nn_prep_between
562,23=nn_prep_by
563,23=nn_prep_from
564,23=nn_prep_in
565,23=nn_prep_of
566,23=nn_prep_over
567,23=nn_prep_past
568,23=nn_prep_to
569,23=nn_prep_towards
570,23=nn_prep_under
571,23=nn_prep_underneath
572,23=nn_prep_with
573,23=nn_rcmod
574,23=nn_root
575,23=nn_xcomp
576,23=npadvmod_advmod
577,23=npadvmod_dep
578,23=npadvmod_dobj
579,23=npadvmod_expl
580,23=npadvmod_nn
581,23=npadvmod_nsubj
582,23=npadvmod_pobj
583,23=npadvmod_prep_above
584,23=npadvmod_prep_ahead_of
585,23=npadvmod_prep_at
586,23=npadvmod_prep_of
587,23=npadvmod_prep_towards
588,23=npadvmod_rcmod
589,23=npadvmod_root
590,23=nsubj_advcl
591,23=nsubj_advmod
592,23=nsubj_amod
593,23=nsubj_ccomp
594,23=nsubj_conj_and
595,23=nsubj_conj_or
596,23=nsubj_csubj
597,23=nsubj_dep
598,23=nsubj_det
599,23=nsubj_dobj
600,23=nsubj_mark
601,23=nsubj_na
602,23=nsubj_nn
603,23=nsubj_npadvmod
604,23=nsubj_nsubj
605,23=nsubj_num
606,23=nsubj_pcomp
607,23=nsubj_pobj
608,23=nsubj_prep_about
609,23=nsubj_prep_above
610,23=nsubj_prep_along
611,23=nsubj_prep_around
612,23=nsubj_prep_as
613,23=nsubj_prep_at
614,23=nsubj_prep_away_from
615,23=nsubj_prep_below
616,23=nsubj_prep_beneath
617,23=nsubj_prep_beside
618,23=nsubj_prep_between
619,23=nsubj_prep_beyond
620,23=nsubj_prep_by
621,23=nsubj_prep_from
622,23=nsubj_prep_in
623,23=nsubj_prep_in_front_of
624,23=nsubj_prep_inside
625,23=nsubj_prep_into
626,23=nsubj_prep_near
627,23=nsubj_prep_next_to
628,23=nsubj_prep_of
629,23=nsubj_prep_on
630,23=nsubj_prep_on_top_of
631,23=nsubj_prep_over
632,23=nsubj_prep_past
633,23=nsubj_prep_that
634,23=nsubj_prep_through
635,23=nsubj_prep_to
636,23=nsubj_prep_towards
637,23=nsubj_prep_under
638,23=nsubj_prep_underneath
639,23=nsubj_prep_with
640,23=nsubj_prepc_of
641,23=nsubj_prepc_towards
642,23=nsubj_rcmod
643,23=nsubj_root
644,23=nsubj_xcomp
645,23=nsubjpass_prep_at
646,23=num_conj_and
647,23=num_dobj
648,23=num_iobj
649,23=num_nsubj
650,23=num_prep_above
651,23=num_prep_at
652,23=num_prep_below
653,23=num_prep_from
654,23=partmod_advmod
655,23=partmod_ccomp
656,23=partmod_conj_and
657,23=partmod_dep
658,23=partmod_dobj
659,23=partmod_nn
660,23=partmod_nsubj
661,23=partmod_pobj
662,23=partmod_prep
663,23=partmod_prep_above
664,23=partmod_prep_beside
665,23=partmod_prep_like
666,23=partmod_prep_of
667,23=partmod_prep_past
668,23=partmod_prep_to
669,23=partmod_prep_underneath
670,23=partmod_root
671,23=partmod_xcomp
672,23=pcomp_nn
673,23=pcomp_prep_at
674,23=pcomp_prep_of
675,23=pobj_advcl
676,23=pobj_advmod
677,23=pobj_amod
678,23=pobj_ccomp
679,23=pobj_conj_and
680,23=pobj_conj_negcc
681,23=pobj_dep
682,23=pobj_det
683,23=pobj_dobj
684,23=pobj_na
685,23=pobj_nn
686,23=pobj_npadvmod
687,23=pobj_nsubj
688,23=pobj_partmod
689,23=pobj_pobj
690,23=pobj_prep
691,23=pobj_prep_about
692,23=pobj_prep_above
693,23=pobj_prep_after
694,23=pobj_prep_along
695,23=pobj_prep_around
696,23=pobj_prep_as
697,23=pobj_prep_at
698,23=pobj_prep_away_from
699,23=pobj_prep_before
700,23=pobj_prep_below
701,23=pobj_prep_beneath
702,23=pobj_prep_between
703,23=pobj_prep_by
704,23=pobj_prep_down
705,23=pobj_prep_from
706,23=pobj_prep_in
707,23=pobj_prep_instead_of
708,23=pobj_prep_into
709,23=pobj_prep_like
710,23=pobj_prep_near
711,23=pobj_prep_of
712,23=pobj_prep_over
713,23=pobj_prep_past
714,23=pobj_prep_to
715,23=pobj_prep_towards
716,23=pobj_prep_under
717,23=pobj_prep_underneath
718,23=pobj_prep_with
719,23=pobj_prepc_to
720,23=pobj_rcmod
721,23=pobj_root
722,23=pobj_xcomp
723,23=poss_dobj
724,23=poss_nn
725,23=poss_nsubj
726,23=poss_prep_above
727,23=poss_prep_at
728,23=poss_prep_next_to
729,23=prep_about_dobj
730,23=prep_about_nsubj
731,23=prep_about_prep_at
732,23=prep_about_prep_of
733,23=prep_above_advmod
734,23=prep_above_agent
735,23=prep_above_amod
736,23=prep_above_ccomp
737,23=prep_above_conj_and
738,23=prep_above_dep
739,23=prep_above_det
740,23=prep_above_dobj
741,23=prep_above_nn
742,23=prep_above_npadvmod
743,23=prep_above_nsubj
744,23=prep_above_pobj
745,23=prep_above_prep
746,23=prep_above_prep_above
747,23=prep_above_prep_around
748,23=prep_above_prep_as
749,23=prep_above_prep_at
750,23=prep_above_prep_away_from
751,23=prep_above_prep_below
752,23=prep_above_prep_for
753,23=prep_above_prep_from
754,23=prep_above_prep_in
755,23=prep_above_prep_of
756,23=prep_above_prep_on_top_of
757,23=prep_above_prep_past
758,23=prep_above_prep_to
759,23=prep_above_prep_towards
760,23=prep_above_prep_underneath
761,23=prep_above_prepc_of
762,23=prep_above_root
763,23=prep_above_tmod
764,23=prep_across_dobj
765,23=prep_across_from_dobj
766,23=prep_across_from_nsubj
767,23=prep_across_from_prep_above
768,23=prep_across_from_prep_into
769,23=prep_across_from_xcomp
770,23=prep_across_nsubj
771,23=prep_across_pobj
772,23=prep_across_prep_above
773,23=prep_across_prep_across
774,23=prep_across_prep_at
775,23=prep_after_amod
776,23=prep_after_nsubj
777,23=prep_after_prep_above
778,23=prep_after_prep_as
779,23=prep_after_prep_towards
780,23=prep_after_prep_underneath
781,23=prep_along_dobj
782,23=prep_along_prep_of
783,23=prep_along_prep_to
784,23=prep_along_rcmod
785,23=prep_along_root
786,23=prep_apart_from_dobj
787,23=prep_apart_from_pobj
788,23=prep_around_dobj
789,23=prep_around_nsubj
790,23=prep_around_prep_above
791,23=prep_around_prep_of
792,23=prep_around_prep_to
793,23=prep_around_prep_towards
794,23=prep_as_dep
795,23=prep_as_dobj
796,23=prep_as_mark
797,23=prep_as_na
798,23=prep_as_nn
799,23=prep_as_nsubj
800,23=prep_as_prep_above
801,23=prep_as_prep_as
802,23=prep_as_prep_from
803,23=prep_as_prep_of
804,23=prep_as_prep_past
805,23=prep_as_prep_to
806,23=prep_as_prep_towards
807,23=prep_as_root
808,23=prep_as_xcomp
809,23=prep_at_ccomp
810,23=prep_at_dep
811,23=prep_at_dobj
812,23=prep_at_nn
813,23=prep_at_nsubj
814,23=prep_at_pobj
815,23=prep_at_prep_above
816,23=prep_at_prep_at
817,23=prep_at_prep_below
818,23=prep_at_prep_beneath
819,23=prep_at_prep_by
820,23=prep_at_prep_from
821,23=prep_at_prep_in
822,23=prep_at_prep_near
823,23=prep_at_prep_of
824,23=prep_at_prep_over
825,23=prep_at_prep_past
826,23=prep_at_prep_to
827,23=prep_at_root
828,23=prep_at_xcomp
829,23=prep_away_from_dobj
830,23=prep_away_from_nn
831,23=prep_away_from_nsubj
832,23=prep_away_from_prep_across_from
833,23=prep_away_from_prep_at
834,23=prep_away_from_prep_below
835,23=prep_away_from_prep_from
836,23=prep_away_from_prep_of
837,23=prep_away_from_prep_over
838,23=prep_because_of_dobj
839,23=prep_because_of_prep_above
840,23=prep_because_of_prep_of
841,23=prep_before_dep
842,23=prep_before_dobj
843,23=prep_before_nsubj
844,23=prep_before_pobj
845,23=prep_before_prep_above
846,23=prep_before_prep_below
847,23=prep_before_prep_to
848,23=prep_below_advmod
849,23=prep_below_ccomp
850,23=prep_below_conj_and
851,23=prep_below_csubj
852,23=prep_below_dep
853,23=prep_below_dobj
854,23=prep_below_nn
855,23=prep_below_nsubj
856,23=prep_below_pobj
857,23=prep_below_prep_above
858,23=prep_below_prep_at
859,23=prep_below_prep_below
860,23=prep_below_prep_between
861,23=prep_below_prep_by
862,23=prep_below_prep_down
863,23=prep_below_prep_from
864,23=prep_below_prep_of
865,23=prep_below_prep_to
866,23=prep_below_prep_underneath
867,23=prep_below_prep_up
868,23=prep_below_prep_with
869,23=prep_below_root
870,23=prep_beneath_advmod
871,23=prep_beneath_dep
872,23=prep_beneath_dobj
873,23=prep_beneath_nsubj
874,23=prep_beneath_pobj
875,23=prep_beneath_prep_at
876,23=prep_beneath_prep_beneath
877,23=prep_beneath_prep_of
878,23=prep_beneath_prep_to
879,23=prep_beneath_root
880,23=prep_beside_csubj
881,23=prep_beside_dep
882,23=prep_beside_dobj
883,23=prep_beside_nn
884,23=prep_beside_pobj
885,23=prep_beside_prep_of
886,23=prep_beside_prep_out_of
887,23=prep_beside_prep_to
888,23=prep_between_advmod
889,23=prep_between_amod
890,23=prep_between_conj_and
891,23=prep_between_dep
892,23=prep_between_det
893,23=prep_between_dobj
894,23=prep_between_mark
895,23=prep_between_nn
896,23=prep_between_nsubj
897,23=prep_between_pobj
898,23=prep_between_poss
899,23=prep_between_prep_above
900,23=prep_between_prep_at
901,23=prep_between_prep_below
902,23=prep_between_prep_beside
903,23=prep_between_prep_between
904,23=prep_between_prep_from
905,23=prep_between_prep_like
906,23=prep_between_prep_of
907,23=prep_between_prep_past
908,23=prep_between_prep_through
909,23=prep_between_prep_to
910,23=prep_between_prep_towards
911,23=prep_between_root
912,23=prep_beyond_dobj
913,23=prep_beyond_nsubj
914,23=prep_beyond_prep_above
915,23=prep_beyond_root
916,23=prep_by_dobj
917,23=prep_by_prep_above
918,23=prep_by_prep_as
919,23=prep_by_prep_by
920,23=prep_by_prep_of
921,23=prep_by_prep_to
922,23=prep_by_root
923,23=prep_ccomp
924,23=prep_close_to_conj_or
925,23=prep_close_to_dobj
926,23=prep_close_to_pobj
927,23=prep_dobj
928,23=prep_down_conj_and
929,23=prep_down_nsubj
930,23=prep_down_prep_at
931,23=prep_down_prep_underneath
932,23=prep_down_prep_with
933,23=prep_down_root
934,23=prep_far_from_prep_of
935,23=prep_following_nn
936,23=prep_following_pobj
937,23=prep_following_prep_above
938,23=prep_for_dobj
939,23=prep_for_nn
940,23=prep_for_nsubj
941,23=prep_for_pobj
942,23=prep_for_prep_above
943,23=prep_for_prep_at
944,23=prep_for_prep_for
945,23=prep_for_prep_to
946,23=prep_for_xcomp
947,23=prep_from_csubj
948,23=prep_from_dep
949,23=prep_from_det
950,23=prep_from_dobj
951,23=prep_from_nn
952,23=prep_from_nsubj
953,23=prep_from_pobj
954,23=prep_from_prep_above
955,23=prep_from_prep_around
956,23=prep_from_prep_at
957,23=prep_from_prep_below
958,23=prep_from_prep_between
959,23=prep_from_prep_from
960,23=prep_from_prep_near
961,23=prep_from_prep_of
962,23=prep_from_prep_past
963,23=prep_from_prep_to
964,23=prep_from_prep_towards
965,23=prep_from_prep_underneath
966,23=prep_from_prep_with
967,23=prep_from_root
968,23=prep_if_nsubj
969,23=prep_if_prep_to
970,23=prep_in_ccomp
971,23=prep_in_dep
972,23=prep_in_dobj
973,23=prep_in_front_of_dobj
974,23=prep_in_nn
975,23=prep_in_nsubj
976,23=prep_in_prep_at
977,23=prep_in_prep_from
978,23=prep_in_prep_in
979,23=prep_in_prep_of
980,23=prep_in_prep_past
981,23=prep_in_prep_to
982,23=prep_in_quantmod
983,23=prep_in_root
984,23=prep_inside_prep_at
985,23=prep_instead_of_dobj
986,23=prep_into_dobj
987,23=prep_into_nsubj
988,23=prep_into_prep_above
989,23=prep_into_prep_around
990,23=prep_into_prep_at
991,23=prep_into_prep_into
992,23=prep_into_prep_of
993,23=prep_into_root
994,23=prep_it's_dobj
995,23=prep_it's_prep_at
996,23=prep_like_dobj
997,23=prep_like_nsubj
998,23=prep_like_prep_above
999,23=prep_like_prep_at
1000,23=prep_like_prep_through
1001,23=prep_like_prep_with
1002,23=prep_like_xcomp
1003,23=prep_near_ccomp
1004,23=prep_near_dobj
1005,23=prep_near_nn
1006,23=prep_near_pobj
1007,23=prep_near_prep_at
1008,23=prep_near_root
1009,23=prep_nearer_dep
1010,23=prep_nearer_dobj
1011,23=prep_nearer_nn
1012,23=prep_nearer_nsubj
1013,23=prep_nearer_pobj
1014,23=prep_nearer_prep_above
1015,23=prep_nearer_prep_of
1016,23=prep_nearer_rcmod
1017,23=prep_next_to_advcl
1018,23=prep_next_to_dobj
1019,23=prep_next_to_nn
1020,23=prep_next_to_nsubj
1021,23=prep_next_to_pobj
1022,23=prep_next_to_prep_at
1023,23=prep_next_to_prep_of
1024,23=prep_next_to_prep_to
1025,23=prep_nsubj
1026,23=prep_of_advmod
1027,23=prep_of_amod
1028,23=prep_of_ccomp
1029,23=prep_of_conj_and
1030,23=prep_of_conj_but
1031,23=prep_of_conj_negcc
1032,23=prep_of_conj_or
1033,23=prep_of_csubj
1034,23=prep_of_dep
1035,23=prep_of_det
1036,23=prep_of_dobj
1037,23=prep_of_expl
1038,23=prep_of_iobj
1039,23=prep_of_mark
1040,23=prep_of_na
1041,23=prep_of_nn
1042,23=prep_of_npadvmod
1043,23=prep_of_nsubj
1044,23=prep_of_partmod
1045,23=prep_of_pobj
1046,23=prep_of_poss
1047,23=prep_of_prep
1048,23=prep_of_prep_above
1049,23=prep_of_prep_across
1050,23=prep_of_prep_after
1051,23=prep_of_prep_along
1052,23=prep_of_prep_as
1053,23=prep_of_prep_at
1054,23=prep_of_prep_before
1055,23=prep_of_prep_below
1056,23=prep_of_prep_beneath
1057,23=prep_of_prep_beside
1058,23=prep_of_prep_between
1059,23=prep_of_prep_beyond
1060,23=prep_of_prep_following
1061,23=prep_of_prep_from
1062,23=prep_of_prep_in
1063,23=prep_of_prep_into
1064,23=prep_of_prep_near
1065,23=prep_of_prep_nearer
1066,23=prep_of_prep_next_to
1067,23=prep_of_prep_of
1068,23=prep_of_prep_on_top_of
1069,23=prep_of_prep_over
1070,23=prep_of_prep_past
1071,23=prep_of_prep_through
1072,23=prep_of_prep_to
1073,23=prep_of_prep_towards
1074,23=prep_of_prep_under
1075,23=prep_of_prep_underneath
1076,23=prep_of_prep_with
1077,23=prep_of_prepc_of
1078,23=prep_of_rcmod
1079,23=prep_of_root
1080,23=prep_of_tmod
1081,23=prep_of_xcomp
1082,23=prep_off_dobj
1083,23=prep_off_prep_above
1084,23=prep_on_dep
1085,23=prep_on_dobj
1086,23=prep_on_nn
1087,23=prep_on_nsubj
1088,23=prep_on_prep_above
1089,23=prep_on_prep_at
1090,23=prep_on_prep_of
1091,23=prep_on_root
1092,23=prep_on_top_of_conj_and
1093,23=prep_on_top_of_dobj
1094,23=prep_on_top_of_nn
1095,23=prep_on_top_of_nsubj
1096,23=prep_on_top_of_prep_at
1097,23=prep_on_top_of_prep_of
1098,23=prep_on_top_of_prep_to
1099,23=prep_onto_nsubj
1100,23=prep_opposite_pobj
1101,23=prep_out_of_dobj
1102,23=prep_out_of_prep_at
1103,23=prep_out_of_prep_out_of
1104,23=prep_over_advmod
1105,23=prep_over_ccomp
1106,23=prep_over_dobj
1107,23=prep_over_nn
1108,23=prep_over_nsubj
1109,23=prep_over_partmod
1110,23=prep_over_pobj
1111,23=prep_over_prep_above
1112,23=prep_over_prep_at
1113,23=prep_over_prep_below
1114,23=prep_over_prep_of
1115,23=prep_over_xcomp
1116,23=prep_past_conj_and
1117,23=prep_past_dep
1118,23=prep_past_det
1119,23=prep_past_dobj
1120,23=prep_past_nn
1121,23=prep_past_nsubj
1122,23=prep_past_num
1123,23=prep_past_pobj
1124,23=prep_past_prep_above
1125,23=prep_past_prep_around
1126,23=prep_past_prep_at
1127,23=prep_past_prep_between
1128,23=prep_past_prep_of
1129,23=prep_past_prep_over
1130,23=prep_past_prep_past
1131,23=prep_past_prep_under
1132,23=prep_past_prep_underneath
1133,23=prep_past_root
1134,23=prep_prep_above
1135,23=prep_prep_of
1136,23=prep_prep_past
1137,23=prep_root
1138,23=prep_than_prep_of
1139,23=prep_than_root
1140,23=prep_that's_conj_and
1141,23=prep_that's_dobj
1142,23=prep_that's_prep_below
1143,23=prep_that's_prep_in
1144,23=prep_that_dobj
1145,23=prep_that_nsubj
1146,23=prep_that_prep_above
1147,23=prep_that_prep_of
1148,23=prep_that_prep_past
1149,23=prep_through_conj_and
1150,23=prep_through_dobj
1151,23=prep_through_na
1152,23=prep_through_nn
1153,23=prep_through_npadvmod
1154,23=prep_through_nsubj
1155,23=prep_through_prep_above
1156,23=prep_through_prep_across
1157,23=prep_through_prep_along
1158,23=prep_through_prep_at
1159,23=prep_through_prep_between
1160,23=prep_through_prep_of
1161,23=prep_through_prep_than
1162,23=prep_through_prep_through
1163,23=prep_through_prep_with
1164,23=prep_to_advcl
1165,23=prep_to_advmod
1166,23=prep_to_amod
1167,23=prep_to_ccomp
1168,23=prep_to_conj_and
1169,23=prep_to_conj_but
1170,23=prep_to_csubj
1171,23=prep_to_dep
1172,23=prep_to_det
1173,23=prep_to_dobj
1174,23=prep_to_mark
1175,23=prep_to_na
1176,23=prep_to_nn
1177,23=prep_to_nsubj
1178,23=prep_to_nsubjpass
1179,23=prep_to_pobj
1180,23=prep_to_poss
1181,23=prep_to_prep
1182,23=prep_to_prep_above
1183,23=prep_to_prep_across
1184,23=prep_to_prep_as
1185,23=prep_to_prep_at
1186,23=prep_to_prep_away_from
1187,23=prep_to_prep_below
1188,23=prep_to_prep_beneath
1189,23=prep_to_prep_between
1190,23=prep_to_prep_from
1191,23=prep_to_prep_like
1192,23=prep_to_prep_near
1193,23=prep_to_prep_of
1194,23=prep_to_prep_on
1195,23=prep_to_prep_over
1196,23=prep_to_prep_past
1197,23=prep_to_prep_through
1198,23=prep_to_prep_to
1199,23=prep_to_prep_towards
1200,23=prep_to_prep_under
1201,23=prep_to_prep_underneath
1202,23=prep_to_prep_with
1203,23=prep_to_rcmod
1204,23=prep_to_root
1205,23=prep_to_xcomp
1206,23=prep_towards_advmod
1207,23=prep_towards_amod
1208,23=prep_towards_ccomp
1209,23=prep_towards_conj_and
1210,23=prep_towards_conj_or
1211,23=prep_towards_dep
1212,23=prep_towards_dobj
1213,23=prep_towards_mark
1214,23=prep_towards_na
1215,23=prep_towards_nn
1216,23=prep_towards_nsubj
1217,23=prep_towards_pobj
1218,23=prep_towards_prep_above
1219,23=prep_towards_prep_around
1220,23=prep_towards_prep_at
1221,23=prep_towards_prep_below
1222,23=prep_towards_prep_between
1223,23=prep_towards_prep_from
1224,23=prep_towards_prep_in
1225,23=prep_towards_prep_of
1226,23=prep_towards_prep_on
1227,23=prep_towards_prep_past
1228,23=prep_towards_prep_to
1229,23=prep_towards_prep_towards
1230,23=prep_towards_prep_underneath
1231,23=prep_towards_prep_with
1232,23=prep_towards_prepc_of
1233,23=prep_towards_root
1234,23=prep_under_advmod
1235,23=prep_under_amod
1236,23=prep_under_ccomp
1237,23=prep_under_dep
1238,23=prep_under_dobj
1239,23=prep_under_nn
1240,23=prep_under_nsubj
1241,23=prep_under_prep_above
1242,23=prep_under_prep_apart_from
1243,23=prep_under_prep_at
1244,23=prep_under_prep_below
1245,23=prep_under_prep_beside
1246,23=prep_under_prep_of
1247,23=prep_under_prep_that
1248,23=prep_under_prep_to
1249,23=prep_under_prep_towards
1250,23=prep_under_prep_under
1251,23=prep_under_prep_underneath
1252,23=prep_under_prep_with
1253,23=prep_under_rcmod
1254,23=prep_under_root
1255,23=prep_underneath_advmod
1256,23=prep_underneath_ccomp
1257,23=prep_underneath_conj_and
1258,23=prep_underneath_dep
1259,23=prep_underneath_dobj
1260,23=prep_underneath_expl
1261,23=prep_underneath_na
1262,23=prep_underneath_nn
1263,23=prep_underneath_npadvmod
1264,23=prep_underneath_nsubj
1265,23=prep_underneath_pobj
1266,23=prep_underneath_prep_above
1267,23=prep_underneath_prep_at
1268,23=prep_underneath_prep_below
1269,23=prep_underneath_prep_between
1270,23=prep_underneath_prep_beyond
1271,23=prep_underneath_prep_from
1272,23=prep_underneath_prep_into
1273,23=prep_underneath_prep_of
1274,23=prep_underneath_prep_opposite
1275,23=prep_underneath_prep_over
1276,23=prep_underneath_prep_past
1277,23=prep_underneath_prep_to
1278,23=prep_underneath_prep_under
1279,23=prep_underneath_prep_underneath
1280,23=prep_underneath_prep_with
1281,23=prep_underneath_root
1282,23=prep_until_dobj
1283,23=prep_up_dobj
1284,23=prep_up_prep_above
1285,23=prep_up_prep_at
1286,23=prep_up_root
1287,23=prep_with_advmod
1288,23=prep_with_amod
1289,23=prep_with_conj_and
1290,23=prep_with_dep
1291,23=prep_with_dobj
1292,23=prep_with_nn
1293,23=prep_with_nsubj
1294,23=prep_with_pobj
1295,23=prep_with_prep_above
1296,23=prep_with_prep_as
1297,23=prep_with_prep_at
1298,23=prep_with_prep_below
1299,23=prep_with_prep_between
1300,23=prep_with_prep_for
1301,23=prep_with_prep_from
1302,23=prep_with_prep_of
1303,23=prep_with_prep_on
1304,23=prep_with_prep_to
1305,23=prep_with_prep_towards
1306,23=prep_with_prep_underneath
1307,23=prep_with_prep_with
1308,23=prep_with_root
1309,23=prep_within_prep_at
1310,23=prepc_of_nn
1311,23=prepc_of_pobj
1312,23=prepc_of_prep_from
1313,23=prepc_of_prep_of
1314,23=prepc_of_prep_outside_of
1315,23=prepc_to_dobj
1316,23=rcmod_dep
1317,23=rcmod_dobj
1318,23=rcmod_na
1319,23=rcmod_nn
1320,23=rcmod_nsubj
1321,23=rcmod_pobj
1322,23=rcmod_prep_above
1323,23=rcmod_prep_at
1324,23=rcmod_prep_below
1325,23=rcmod_prep_from
1326,23=rcmod_prep_in
1327,23=rcmod_prep_like
1328,23=rcmod_prep_of
1329,23=rcmod_prep_on
1330,23=rcmod_prep_to
1331,23=rcmod_rcmod
1332,23=rcmod_root
1333,23=rel_dobj
1334,23=root_acomp
1335,23=root_advcl
1336,23=root_advmod
1337,23=root_amod
1338,23=root_ccomp
1339,23=root_conj_and
1340,23=root_dep
1341,23=root_det
1342,23=root_dobj
1343,23=root_na
1344,23=root_nn
1345,23=root_npadvmod
1346,23=root_nsubj
1347,23=root_num
1348,23=root_partmod
1349,23=root_pobj
1350,23=root_poss
1351,23=root_prep_above
1352,23=root_prep_across
1353,23=root_prep_after
1354,23=root_prep_along
1355,23=root_prep_around
1356,23=root_prep_as
1357,23=root_prep_at
1358,23=root_prep_below
1359,23=root_prep_beneath
1360,23=root_prep_beside
1361,23=root_prep_by
1362,23=root_prep_for
1363,23=root_prep_from
1364,23=root_prep_in
1365,23=root_prep_like
1366,23=root_prep_near
1367,23=root_prep_of
1368,23=root_prep_off
1369,23=root_prep_on
1370,23=root_prep_onto
1371,23=root_prep_over
1372,23=root_prep_past
1373,23=root_prep_through
1374,23=root_prep_to
1375,23=root_prep_towards
1376,23=root_prep_under
1377,23=root_prep_underneath
1378,23=root_prep_until
1379,23=root_prep_with
1380,23=root_prepc_towards
1381,23=root_rcmod
1382,23=root_root
1383,23=root_tmod
1384,23=tmod_advmod
1385,23=tmod_ccomp
1386,23=tmod_dep
1387,23=tmod_dobj
1388,23=tmod_nn
1389,23=tmod_nsubj
1390,23=tmod_pobj
1391,23=tmod_prep_above
1392,23=tmod_prep_across
1393,23=tmod_prep_at
1394,23=tmod_prep_between
1395,23=tmod_prep_in
1396,23=tmod_prep_into
1397,23=tmod_prep_of
1398,23=tmod_prep_over
1399,23=tmod_prep_to
1400,23=tmod_prep_towards
1401,23=tmod_rcmod
1402,23=tmod_root
1403,23=xcomp_dep
1404,23=xcomp_dobj
1405,23=xcomp_nn
1406,23=xcomp_nsubj
1407,23=xcomp_pobj
1408,23=xcomp_prep_above
1409,23=xcomp_prep_at
1410,23=xcomp_prep_between
1411,23=xcomp_prep_from
1412,23=xcomp_prep_of
1413,23=xcomp_prep_on_top_of
1414,23=xcomp_prep_to
1415,23=xcomp_prep_with
1416,23=xcomp_root
1417,23=xcomp_xcomp
1418,25=f_f
1419,25=f_g
1420,25=g_f
1421,25=g_g
1422,26=acknowledge_acknowledge
1423,26=acknowledge_align
1424,26=acknowledge_check
1425,26=acknowledge_clarify
1426,26=acknowledge_explain
1427,26=acknowledge_instruct
1428,26=acknowledge_query_w
1429,26=acknowledge_query_yn
1430,26=acknowledge_reply_n
1431,26=acknowledge_reply_w
1432,26=align_acknowledge
1433,26=align_align
1434,26=align_check
1435,26=align_clarify
1436,26=align_explain
1437,26=align_instruct
1438,26=align_query_w
1439,26=align_query_yn
1440,26=align_reply_n
1441,26=align_reply_w
1442,26=align_reply_y
1443,26=check_acknowledge
1444,26=check_align
1445,26=check_check
1446,26=check_clarify
1447,26=check_explain
1448,26=check_instruct
1449,26=check_query_w
1450,26=check_query_yn
1451,26=check_reply_n
1452,26=check_reply_w
1453,26=check_reply_y
1454,26=clarify_acknowledge
1455,26=clarify_align
1456,26=clarify_check
1457,26=clarify_clarify
1458,26=clarify_explain
1459,26=clarify_instruct
1460,26=clarify_query_w
1461,26=clarify_query_yn
1462,26=clarify_reply_w
1463,26=clarify_reply_y
1464,26=explain_acknowledge
1465,26=explain_align
1466,26=explain_check
1467,26=explain_clarify
1468,26=explain_explain
1469,26=explain_instruct
1470,26=explain_query_w
1471,26=explain_query_yn
1472,26=explain_reply_n
1473,26=explain_reply_w
1474,26=explain_reply_y
1475,26=instruct_acknowledge
1476,26=instruct_align
1477,26=instruct_check
1478,26=instruct_clarify
1479,26=instruct_explain
1480,26=instruct_instruct
1481,26=instruct_query_w
1482,26=instruct_query_yn
1483,26=instruct_reply_n
1484,26=instruct_reply_w
1485,26=instruct_reply_y
1486,26=query_w_acknowledge
1487,26=query_w_align
1488,26=query_w_check
1489,26=query_w_clarify
1490,26=query_w_explain
1491,26=query_w_instruct
1492,26=query_w_query_w
1493,26=query_w_query_yn
1494,26=query_w_reply_w
1495,26=query_yn_acknowledge
1496,26=query_yn_align
1497,26=query_yn_check
1498,26=query_yn_clarify
1499,26=query_yn_explain
1500,26=query_yn_instruct
1501,26=query_yn_query_w
1502,26=query_yn_query_yn
1503,26=query_yn_reply_n
1504,26=query_yn_reply_w
1505,26=query_yn_reply_y
1506,26=query_yn_uncodable
1507,26=reply_n_acknowledge
1508,26=reply_n_align
1509,26=reply_n_check
1510,26=reply_n_clarify
1511,26=reply_n_explain
1512,26=reply_n_instruct
1513,26=reply_n_query_yn
1514,26=reply_n_reply_n
1515,26=reply_n_reply_y
1516,26=reply_w_acknowledge
1517,26=reply_w_align
1518,26=reply_w_check
1519,26=reply_w_clarify
1520,26=reply_w_explain
1521,26=reply_w_instruct
1522,26=reply_w_query_w
1523,26=reply_w_query_yn
1524,26=reply_w_reply_n
1525,26=reply_w_reply_w
1526,26=reply_w_reply_y
1527,26=reply_w_uncodable
1528,26=reply_y_acknowledge
1529,26=reply_y_align
1530,26=reply_y_check
1531,26=reply_y_clarify
1532,26=reply_y_explain
1533,26=reply_y_instruct
1534,26=reply_y_query_yn
1535,26=reply_y_reply_w
1536,26=reply_y_reply_y
1537,26=reply_y_uncodable
1538,26=uncodable_explain
1539,26=uncodable_query_yn
1540,56=acomp
1541,56=advcl
1542,56=advmod
1543,56=agent
1544,56=amod
1545,56=ccomp
1546,56=conj_and
1547,56=conj_but
1548,56=conj_just
1549,56=conj_negcc
1550,56=conj_or
1551,56=csubj
1552,56=dep
1553,56=dobj
1554,56=infmod
1555,56=na
1556,56=nn
1557,56=npadvmod
1558,56=nsubj
1559,56=partmod
1560,56=pcomp
1561,56=pobj
1562,56=prep
1563,56=prep_about
1564,56=prep_above
1565,56=prep_across
1566,56=prep_across_from
1567,56=prep_after
1568,56=prep_along
1569,56=prep_around
1570,56=prep_as
1571,56=prep_at
1572,56=prep_away_from
1573,56=prep_before
1574,56=prep_below
1575,56=prep_beneath
1576,56=prep_beside
1577,56=prep_between
1578,56=prep_beyond
1579,56=prep_by
1580,56=prep_down
1581,56=prep_for
1582,56=prep_from
1583,56=prep_in
1584,56=prep_into
1585,56=prep_it's
1586,56=prep_like
1587,56=prep_near
1588,56=prep_next_to
1589,56=prep_of
1590,56=prep_on
1591,56=prep_over
1592,56=prep_past
1593,56=prep_that's
1594,56=prep_through
1595,56=prep_to
1596,56=prep_towards
1597,56=prep_under
1598,56=prep_underneath
1599,56=prep_until
1600,56=prep_up
1601,56=prep_with
1602,56=prepc_about
1603,56=prepc_above
1604,56=prepc_along
1605,56=prepc_at
1606,56=prepc_below
1607,56=prepc_between
1608,56=prepc_from
1609,56=prepc_in
1610,56=prepc_instead_of
1611,56=prepc_like
1612,56=prepc_of
1613,56=prepc_to
1614,56=prepc_underneath
1615,56=prepc_until
1616,56=prepc_with
1617,56=rcmod
1618,56=root
1619,56=tmod
1620,56=xcomp
1621,57=acomp
1622,57=advcl
1623,57=advmod
1624,57=amod
1625,57=ccomp
1626,57=conj_and
1627,57=conj_but
1628,57=conj_just
1629,57=conj_negcc
1630,57=conj_or
1631,57=csubj
1632,57=dep
1633,57=dobj
1634,57=infmod
1635,57=na
1636,57=nn
1637,57=npadvmod
1638,57=nsubj
1639,57=partmod
1640,57=pcomp
1641,57=pobj
1642,57=prep
1643,57=prep_a--
1644,57=prep_about
1645,57=prep_above
1646,57=prep_across
1647,57=prep_across_from
1648,57=prep_along
1649,57=prep_around
1650,57=prep_as
1651,57=prep_at
1652,57=prep_away_from
1653,57=prep_before
1654,57=prep_below
1655,57=prep_beneath
1656,57=prep_beside
1657,57=prep_between
1658,57=prep_by
1659,57=prep_down
1660,57=prep_for
1661,57=prep_from
1662,57=prep_if
1663,57=prep_in
1664,57=prep_into
1665,57=prep_like
1666,57=prep_near
1667,57=prep_of
1668,57=prep_off
1669,57=prep_on
1670,57=prep_opposite
1671,57=prep_out
1672,57=prep_over
1673,57=prep_past
1674,57=prep_starting
1675,57=prep_that
1676,57=prep_through
1677,57=prep_to
1678,57=prep_towards
1679,57=prep_under
1680,57=prep_underneath
1681,57=prep_until
1682,57=prep_up
1683,57=prep_with
1684,57=prepc_above
1685,57=prepc_along
1686,57=prepc_around
1687,57=prepc_at
1688,57=prepc_below
1689,57=prepc_beneath
1690,57=prepc_from
1691,57=prepc_instead_of
1692,57=prepc_like
1693,57=prepc_next_to
1694,57=prepc_of
1695,57=prepc_over
1696,57=prepc_past
1697,57=prepc_to
1698,57=prepc_underneath
1699,57=prepc_with
1700,57=rcmod
1701,57=root
1702,57=tmod
1703,57=xcomp
1704,58=acomp_advmod
1705,58=acomp_conj_or
1706,58=acomp_dep
1707,58=acomp_nsubj
1708,58=acomp_pcomp
1709,58=acomp_pobj
1710,58=acomp_prep_to
1711,58=acomp_root
1712,58=advcl_advcl
1713,58=advcl_advmod
1714,58=advcl_ccomp
1715,58=advcl_conj_and
1716,58=advcl_dep
1717,58=advcl_dobj
1718,58=advcl_nsubj
1719,58=advcl_partmod
1720,58=advcl_pcomp
1721,58=advcl_pobj
1722,58=advcl_prep
1723,58=advcl_prep_above
1724,58=advcl_prep_along
1725,58=advcl_prep_at
1726,58=advcl_prep_between
1727,58=advcl_prep_from
1728,58=advcl_prep_starting
1729,58=advcl_prep_to
1730,58=advcl_prepc_to
1731,58=advcl_rcmod
1732,58=advcl_root
1733,58=advcl_xcomp
1734,58=advmod_advcl
1735,58=advmod_advmod
1736,58=advmod_amod
1737,58=advmod_ccomp
1738,58=advmod_conj_and
1739,58=advmod_dep
1740,58=advmod_dobj
1741,58=advmod_npadvmod
1742,58=advmod_nsubj
1743,58=advmod_partmod
1744,58=advmod_pcomp
1745,58=advmod_pobj
1746,58=advmod_prep
1747,58=advmod_prep_above
1748,58=advmod_prep_at
1749,58=advmod_prep_below
1750,58=advmod_prep_of
1751,58=advmod_prep_on
1752,58=advmod_prep_starting
1753,58=advmod_prep_to
1754,58=advmod_prep_under
1755,58=advmod_prepc_of
1756,58=advmod_rcmod
1757,58=advmod_root
1758,58=advmod_xcomp
1759,58=agent_root
1760,58=amod_advmod
1761,58=amod_amod
1762,58=amod_dep
1763,58=amod_dobj
1764,58=amod_pcomp
1765,58=amod_pobj
1766,58=amod_prep_at
1767,58=amod_prep_from
1768,58=amod_prep_of
1769,58=amod_prep_to
1770,58=amod_prepc_with
1771,58=amod_root
1772,58=ccomp_acomp
1773,58=ccomp_advcl
1774,58=ccomp_advmod
1775,58=ccomp_amod
1776,58=ccomp_ccomp
1777,58=ccomp_conj_and
1778,58=ccomp_conj_but
1779,58=ccomp_conj_or
1780,58=ccomp_csubj
1781,58=ccomp_dep
1782,58=ccomp_dobj
1783,58=ccomp_infmod
1784,58=ccomp_npadvmod
1785,58=ccomp_nsubj
1786,58=ccomp_partmod
1787,58=ccomp_pcomp
1788,58=ccomp_pobj
1789,58=ccomp_prep
1790,58=ccomp_prep_a--
1791,58=ccomp_prep_about
1792,58=ccomp_prep_above
1793,58=ccomp_prep_across
1794,58=ccomp_prep_across_from
1795,58=ccomp_prep_along
1796,58=ccomp_prep_around
1797,58=ccomp_prep_at
1798,58=ccomp_prep_before
1799,58=ccomp_prep_below
1800,58=ccomp_prep_between
1801,58=ccomp_prep_by
1802,58=ccomp_prep_down
1803,58=ccomp_prep_from
1804,58=ccomp_prep_in
1805,58=ccomp_prep_into
1806,58=ccomp_prep_like
1807,58=ccomp_prep_near
1808,58=ccomp_prep_of
1809,58=ccomp_prep_on
1810,58=ccomp_prep_out
1811,58=ccomp_prep_over
1812,58=ccomp_prep_past
1813,58=ccomp_prep_starting
1814,58=ccomp_prep_through
1815,58=ccomp_prep_to
1816,58=ccomp_prep_towards
1817,58=ccomp_prep_under
1818,58=ccomp_prep_underneath
1819,58=ccomp_prep_up
1820,58=ccomp_prep_with
1821,58=ccomp_prepc_above
1822,58=ccomp_prepc_at
1823,58=ccomp_prepc_from
1824,58=ccomp_prepc_like
1825,58=ccomp_prepc_of
1826,58=ccomp_prepc_over
1827,58=ccomp_prepc_past
1828,58=ccomp_prepc_to
1829,58=ccomp_prepc_underneath
1830,58=ccomp_rcmod
1831,58=ccomp_root
1832,58=ccomp_tmod
1833,58=ccomp_xcomp
1834,58=conj_and_acomp
1835,58=conj_and_advmod
1836,58=conj_and_ccomp
1837,58=conj_and_conj_and
1838,58=conj_and_dep
1839,58=conj_and_dobj
1840,58=conj_and_nn
1841,58=conj_and_nsubj
1842,58=conj_and_partmod
1843,58=conj_and_pcomp
1844,58=conj_and_pobj
1845,58=conj_and_prep
1846,58=conj_and_prep_about
1847,58=conj_and_prep_above
1848,58=conj_and_prep_across
1849,58=conj_and_prep_along
1850,58=conj_and_prep_at
1851,58=conj_and_prep_below
1852,58=conj_and_prep_between
1853,58=conj_and_prep_from
1854,58=conj_and_prep_in
1855,58=conj_and_prep_of
1856,58=conj_and_prep_on
1857,58=conj_and_prep_past
1858,58=conj_and_prep_to
1859,58=conj_and_prep_underneath
1860,58=conj_and_rcmod
1861,58=conj_and_root
1862,58=conj_and_tmod
1863,58=conj_and_xcomp
1864,58=conj_but_ccomp
1865,58=conj_but_conj_but
1866,58=conj_but_conj_or
1867,58=conj_but_dep
1868,58=conj_but_prep_in
1869,58=conj_but_prep_to
1870,58=conj_but_root
1871,58=conj_just_dep
1872,58=conj_just_root
1873,58=conj_negcc_ccomp
1874,58=conj_negcc_root
1875,58=conj_or_advmod
1876,58=conj_or_ccomp
1877,58=conj_or_dep
1878,58=conj_or_dobj
1879,58=conj_or_nn
1880,58=conj_or_pcomp
1881,58=conj_or_prep_at
1882,58=conj_or_prep_past
1883,58=conj_or_prep_starting
1884,58=conj_or_root
1885,58=csubj_ccomp
1886,58=csubj_prep_to
1887,58=csubj_root
1888,58=dep_acomp
1889,58=dep_advcl
1890,58=dep_advmod
1891,58=dep_amod
1892,58=dep_ccomp
1893,58=dep_conj_and
1894,58=dep_conj_or
1895,58=dep_dep
1896,58=dep_dobj
1897,58=dep_nsubj
1898,58=dep_partmod
1899,58=dep_pcomp
1900,58=dep_pobj
1901,58=dep_prep_about
1902,58=dep_prep_above
1903,58=dep_prep_at
1904,58=dep_prep_below
1905,58=dep_prep_beneath
1906,58=dep_prep_between
1907,58=dep_prep_from
1908,58=dep_prep_in
1909,58=dep_prep_of
1910,58=dep_prep_on
1911,58=dep_prep_over
1912,58=dep_prep_past
1913,58=dep_prep_starting
1914,58=dep_prep_to
1915,58=dep_prep_towards
1916,58=dep_prep_under
1917,58=dep_prep_underneath
1918,58=dep_prep_until
1919,58=dep_prep_with
1920,58=dep_prepc_around
1921,58=dep_prepc_from
1922,58=dep_prepc_to
1923,58=dep_rcmod
1924,58=dep_root
1925,58=dep_xcomp
1926,58=dobj_advcl
1927,58=dobj_advmod
1928,58=dobj_amod
1929,58=dobj_ccomp
1930,58=dobj_conj_and
1931,58=dobj_csubj
1932,58=dobj_dep
1933,58=dobj_dobj
1934,58=dobj_npadvmod
1935,58=dobj_nsubj
1936,58=dobj_partmod
1937,58=dobj_pcomp
1938,58=dobj_pobj
1939,58=dobj_prep_above
1940,58=dobj_prep_along
1941,58=dobj_prep_at
1942,58=dobj_prep_below
1943,58=dobj_prep_between
1944,58=dobj_prep_from
1945,58=dobj_prep_of
1946,58=dobj_prep_on
1947,58=dobj_prep_opposite
1948,58=dobj_prep_over
1949,58=dobj_prep_past
1950,58=dobj_prep_starting
1951,58=dobj_prep_to
1952,58=dobj_prep_under
1953,58=dobj_prepc_from
1954,58=dobj_rcmod
1955,58=dobj_root
1956,58=dobj_xcomp
1957,58=infmod_acomp
1958,58=infmod_amod
1959,58=infmod_ccomp
1960,58=infmod_dep
1961,58=infmod_dobj
1962,58=infmod_nsubj
1963,58=infmod_pcomp
1964,58=infmod_prep_at
1965,58=infmod_prep_to
1966,58=infmod_root
1967,58=na
1968,58=nn_dobj
1969,58=nn_root
1970,58=nn_xcomp
1971,58=npadvmod_advmod
1972,58=npadvmod_dobj
1973,58=npadvmod_pobj
1974,58=npadvmod_prep
1975,58=npadvmod_prep_of
1976,58=npadvmod_root
1977,58=nsubj_acomp
1978,58=nsubj_advmod
1979,58=nsubj_ccomp
1980,58=nsubj_conj_and
1981,58=nsubj_conj_but
1982,58=nsubj_conj_just
1983,58=nsubj_conj_or
1984,58=nsubj_dep
1985,58=nsubj_dobj
1986,58=nsubj_nsubj
1987,58=nsubj_pcomp
1988,58=nsubj_pobj
1989,58=nsubj_prep_as
1990,58=nsubj_prep_at
1991,58=nsubj_prep_beside
1992,58=nsubj_prep_from
1993,58=nsubj_prep_of
1994,58=nsubj_prep_on
1995,58=nsubj_prep_over
1996,58=nsubj_prep_starting
1997,58=nsubj_prep_to
1998,58=nsubj_prep_with
1999,58=nsubj_prepc_above
2000,58=nsubj_rcmod
2001,58=nsubj_root
2002,58=nsubj_xcomp
2003,58=partmod_acomp
2004,58=partmod_advcl
2005,58=partmod_advmod
2006,58=partmod_ccomp
2007,58=partmod_conj_or
2008,58=partmod_dep
2009,58=partmod_dobj
2010,58=partmod_nsubj
2011,58=partmod_pobj
2012,58=partmod_prep_at
2013,58=partmod_prep_in
2014,58=partmod_prep_of
2015,58=partmod_prep_on
2016,58=partmod_prep_starting
2017,58=partmod_prep_to
2018,58=partmod_prep_with
2019,58=partmod_rcmod
2020,58=partmod_root
2021,58=partmod_xcomp
2022,58=pcomp_advcl
2023,58=pcomp_advmod
2024,58=pcomp_ccomp
2025,58=pcomp_dep
2026,58=pcomp_dobj
2027,58=pcomp_infmod
2028,58=pcomp_nsubj
2029,58=pcomp_pcomp
2030,58=pcomp_pobj
2031,58=pcomp_prep
2032,58=pcomp_prep_about
2033,58=pcomp_prep_at
2034,58=pcomp_prep_from
2035,58=pcomp_prep_on
2036,58=pcomp_prep_to
2037,58=pcomp_prep_towards
2038,58=pcomp_prepc_of
2039,58=pcomp_root
2040,58=pcomp_xcomp
2041,58=pobj_advcl
2042,58=pobj_advmod
2043,58=pobj_ccomp
2044,58=pobj_conj_and
2045,58=pobj_conj_but
2046,58=pobj_dep
2047,58=pobj_dobj
2048,58=pobj_nsubj
2049,58=pobj_partmod
2050,58=pobj_pcomp
2051,58=pobj_pobj
2052,58=pobj_prep
2053,58=pobj_prep_about
2054,58=pobj_prep_at
2055,58=pobj_prep_below
2056,58=pobj_prep_between
2057,58=pobj_prep_down
2058,58=pobj_prep_from
2059,58=pobj_prep_of
2060,58=pobj_prep_on
2061,58=pobj_prep_starting
2062,58=pobj_prep_to
2063,58=pobj_prep_underneath
2064,58=pobj_prep_with
2065,58=pobj_prepc_to
2066,58=pobj_rcmod
2067,58=pobj_root
2068,58=pobj_xcomp
2069,58=prep_about_advmod
2070,58=prep_about_ccomp
2071,58=prep_about_conj_and
2072,58=prep_about_dep
2073,58=prep_about_dobj
2074,58=prep_about_nsubj
2075,58=prep_about_partmod
2076,58=prep_about_pcomp
2077,58=prep_about_pobj
2078,58=prep_about_prep_about
2079,58=prep_about_prep_to
2080,58=prep_about_rcmod
2081,58=prep_about_root
2082,58=prep_about_xcomp
2083,58=prep_above_advcl
2084,58=prep_above_advmod
2085,58=prep_above_ccomp
2086,58=prep_above_conj_and
2087,58=prep_above_dep
2088,58=prep_above_dobj
2089,58=prep_above_nsubj
2090,58=prep_above_pcomp
2091,58=prep_above_pobj
2092,58=prep_above_prep_above
2093,58=prep_above_prep_between
2094,58=prep_above_prep_from
2095,58=prep_above_prep_on
2096,58=prep_above_prep_starting
2097,58=prep_above_prep_to
2098,58=prep_above_prep_towards
2099,58=prep_above_prep_under
2100,58=prep_above_rcmod
2101,58=prep_above_root
2102,58=prep_above_xcomp
2103,58=prep_across_ccomp
2104,58=prep_across_from_ccomp
2105,58=prep_advmod
2106,58=prep_after_root
2107,58=prep_along_ccomp
2108,58=prep_along_dobj
2109,58=prep_along_pobj
2110,58=prep_along_prep_across
2111,58=prep_along_root
2112,58=prep_around_root
2113,58=prep_as_root
2114,58=prep_at_ccomp
2115,58=prep_at_dep
2116,58=prep_at_dobj
2117,58=prep_at_nsubj
2118,58=prep_at_partmod
2119,58=prep_at_pcomp
2120,58=prep_at_pobj
2121,58=prep_at_prep_at
2122,58=prep_at_prep_from
2123,58=prep_at_prep_of
2124,58=prep_at_rcmod
2125,58=prep_at_root
2126,58=prep_away_from_dobj
2127,58=prep_away_from_root
2128,58=prep_before_prep_from
2129,58=prep_below_ccomp
2130,58=prep_below_dep
2131,58=prep_below_pcomp
2132,58=prep_below_prep_below
2133,58=prep_below_prep_between
2134,58=prep_below_prep_from
2135,58=prep_below_prep_on
2136,58=prep_below_prep_to
2137,58=prep_below_rcmod
2138,58=prep_below_root
2139,58=prep_below_xcomp
2140,58=prep_beneath_nsubj
2141,58=prep_beneath_root
2142,58=prep_beside_dep
2143,58=prep_between_advcl
2144,58=prep_between_ccomp
2145,58=prep_between_conj_and
2146,58=prep_between_conj_or
2147,58=prep_between_dep
2148,58=prep_between_dobj
2149,58=prep_between_npadvmod
2150,58=prep_between_nsubj
2151,58=prep_between_pobj
2152,58=prep_between_prep_above
2153,58=prep_between_prep_at
2154,58=prep_between_prep_from
2155,58=prep_between_prep_of
2156,58=prep_between_prep_starting
2157,58=prep_between_prep_to
2158,58=prep_between_prepc_to
2159,58=prep_between_rcmod
2160,58=prep_between_root
2161,58=prep_between_xcomp
2162,58=prep_beyond_root
2163,58=prep_by_advcl
2164,58=prep_by_rcmod
2165,58=prep_by_root
2166,58=prep_ccomp
2167,58=prep_dep
2168,58=prep_dobj
2169,58=prep_down_ccomp
2170,58=prep_down_conj_and
2171,58=prep_down_xcomp
2172,58=prep_for_root
2173,58=prep_from_ccomp
2174,58=prep_from_dep
2175,58=prep_from_dobj
2176,58=prep_from_nsubj
2177,58=prep_from_pcomp
2178,58=prep_from_prep_at
2179,58=prep_from_prep_from
2180,58=prep_from_prep_to
2181,58=prep_from_rcmod
2182,58=prep_from_root
2183,58=prep_from_xcomp
2184,58=prep_in_advcl
2185,58=prep_in_advmod
2186,58=prep_in_ccomp
2187,58=prep_in_dep
2188,58=prep_in_dobj
2189,58=prep_in_nsubj
2190,58=prep_in_partmod
2191,58=prep_in_prep_at
2192,58=prep_in_prep_between
2193,58=prep_in_prep_down
2194,58=prep_in_prep_of
2195,58=prep_in_prep_starting
2196,58=prep_in_prep_to
2197,58=prep_in_prepc_to
2198,58=prep_in_rcmod
2199,58=prep_in_root
2200,58=prep_into_ccomp
2201,58=prep_into_dobj
2202,58=prep_it's_root
2203,58=prep_like_ccomp
2204,58=prep_like_dep
2205,58=prep_like_dobj
2206,58=prep_like_nsubj
2207,58=prep_like_prep_through
2208,58=prep_like_root
2209,58=prep_near_root
2210,58=prep_next_to_root
2211,58=prep_of_acomp
2212,58=prep_of_advmod
2213,58=prep_of_ccomp
2214,58=prep_of_conj_and
2215,58=prep_of_dep
2216,58=prep_of_dobj
2217,58=prep_of_nsubj
2218,58=prep_of_pcomp
2219,58=prep_of_pobj
2220,58=prep_of_prep
2221,58=prep_of_prep_across
2222,58=prep_of_prep_at
2223,58=prep_of_prep_in
2224,58=prep_of_prep_of
2225,58=prep_of_prep_on
2226,58=prep_of_prep_over
2227,58=prep_of_prep_past
2228,58=prep_of_prep_to
2229,58=prep_of_prep_with
2230,58=prep_of_rcmod
2231,58=prep_of_root
2232,58=prep_on_advmod
2233,58=prep_on_amod
2234,58=prep_on_ccomp
2235,58=prep_on_dep
2236,58=prep_on_dobj
2237,58=prep_on_pcomp
2238,58=prep_on_prep_to
2239,58=prep_on_root
2240,58=prep_over_advmod
2241,58=prep_over_ccomp
2242,58=prep_over_dep
2243,58=prep_over_dobj
2244,58=prep_over_pcomp
2245,58=prep_over_pobj
2246,58=prep_over_prep_at
2247,58=prep_over_root
2248,58=prep_partmod
2249,58=prep_past_advmod
2250,58=prep_past_ccomp
2251,58=prep_past_dep
2252,58=prep_past_pobj
2253,58=prep_past_prep
2254,58=prep_past_prep_past
2255,58=prep_past_prep_starting
2256,58=prep_past_prep_underneath
2257,58=prep_past_root
2258,58=prep_pcomp
2259,58=prep_prep_of
2260,58=prep_prep_over
2261,58=prep_root
2262,58=prep_that's_dobj
2263,58=prep_that's_root
2264,58=prep_through_dobj
2265,58=prep_through_prep_over
2266,58=prep_through_root
2267,58=prep_to_advcl
2268,58=prep_to_advmod
2269,58=prep_to_ccomp
2270,58=prep_to_conj_and
2271,58=prep_to_conj_or
2272,58=prep_to_dep
2273,58=prep_to_dobj
2274,58=prep_to_infmod
2275,58=prep_to_nsubj
2276,58=prep_to_partmod
2277,58=prep_to_pcomp
2278,58=prep_to_pobj
2279,58=prep_to_prep
2280,58=prep_to_prep_above
2281,58=prep_to_prep_along
2282,58=prep_to_prep_at
2283,58=prep_to_prep_below
2284,58=prep_to_prep_from
2285,58=prep_to_prep_like
2286,58=prep_to_prep_of
2287,58=prep_to_prep_over
2288,58=prep_to_prep_through
2289,58=prep_to_prep_to
2290,58=prep_to_prep_under
2291,58=prep_to_prep_with
2292,58=prep_to_rcmod
2293,58=prep_to_root
2294,58=prep_to_xcomp
2295,58=prep_towards_acomp
2296,58=prep_towards_ccomp
2297,58=prep_towards_conj_but
2298,58=prep_towards_dep
2299,58=prep_towards_dobj
2300,58=prep_towards_prep_in
2301,58=prep_towards_rcmod
2302,58=prep_towards_root
2303,58=prep_towards_xcomp
2304,58=prep_under_ccomp
2305,58=prep_under_conj_but
2306,58=prep_under_prep_at
2307,58=prep_under_root
2308,58=prep_underneath_amod
2309,58=prep_underneath_ccomp
2310,58=prep_underneath_partmod
2311,58=prep_underneath_prep_from
2312,58=prep_underneath_prep_of
2313,58=prep_underneath_root
2314,58=prep_until_ccomp
2315,58=prep_until_pobj
2316,58=prep_until_prep_past
2317,58=prep_until_root
2318,58=prep_up_root
2319,58=prep_with_advmod
2320,58=prep_with_ccomp
2321,58=prep_with_conj_and
2322,58=prep_with_dep
2323,58=prep_with_dobj
2324,58=prep_with_partmod
2325,58=prep_with_pcomp
2326,58=prep_with_prep_in
2327,58=prep_with_prep_of
2328,58=prep_with_prep_on
2329,58=prep_with_prep_to
2330,58=prep_with_root
2331,58=prep_with_xcomp
2332,58=prepc_about_root
2333,58=prepc_above_dobj
2334,58=prepc_above_prep_of
2335,58=prepc_above_root
2336,58=prepc_above_xcomp
2337,58=prepc_along_advmod
2338,58=prepc_along_prep_on
2339,58=prepc_along_root
2340,58=prepc_at_prep_at
2341,58=prepc_below_dep
2342,58=prepc_below_root
2343,58=prepc_between_dep
2344,58=prepc_from_dep
2345,58=prepc_from_dobj
2346,58=prepc_from_prep_between
2347,58=prepc_from_prepc_from
2348,58=prepc_from_root
2349,58=prepc_in_nsubj
2350,58=prepc_in_root
2351,58=prepc_in_xcomp
2352,58=prepc_instead_of_root
2353,58=prepc_like_root
2354,58=prepc_of_advcl
2355,58=prepc_of_ccomp
2356,58=prepc_of_pcomp
2357,58=prepc_of_root
2358,58=prepc_to_dep
2359,58=prepc_to_dobj
2360,58=prepc_to_pcomp
2361,58=prepc_to_prep_to
2362,58=prepc_to_root
2363,58=prepc_underneath_prep_above
2364,58=prepc_underneath_root
2365,58=prepc_until_prep_until
2366,58=prepc_with_root
2367,58=rcmod_advcl
2368,58=rcmod_advmod
2369,58=rcmod_amod
2370,58=rcmod_ccomp
2371,58=rcmod_conj_and
2372,58=rcmod_conj_but
2373,58=rcmod_conj_or
2374,58=rcmod_dep
2375,58=rcmod_dobj
2376,58=rcmod_nsubj
2377,58=rcmod_partmod
2378,58=rcmod_pcomp
2379,58=rcmod_pobj
2380,58=rcmod_prep_about
2381,58=rcmod_prep_above
2382,58=rcmod_prep_along
2383,58=rcmod_prep_at
2384,58=rcmod_prep_from
2385,58=rcmod_prep_in
2386,58=rcmod_prep_of
2387,58=rcmod_prep_on
2388,58=rcmod_prep_to
2389,58=rcmod_prep_towards
2390,58=rcmod_prep_up
2391,58=rcmod_prep_with
2392,58=rcmod_prepc_along
2393,58=rcmod_prepc_below
2394,58=rcmod_prepc_from
2395,58=rcmod_rcmod
2396,58=rcmod_root
2397,58=rcmod_xcomp
2398,58=root_acomp
2399,58=root_advcl
2400,58=root_advmod
2401,58=root_amod
2402,58=root_ccomp
2403,58=root_conj_and
2404,58=root_conj_but
2405,58=root_conj_negcc
2406,58=root_conj_or
2407,58=root_csubj
2408,58=root_dep
2409,58=root_dobj
2410,58=root_infmod
2411,58=root_npadvmod
2412,58=root_nsubj
2413,58=root_partmod
2414,58=root_pcomp
2415,58=root_pobj
2416,58=root_prep
2417,58=root_prep_about
2418,58=root_prep_above
2419,58=root_prep_across
2420,58=root_prep_along
2421,58=root_prep_around
2422,58=root_prep_as
2423,58=root_prep_at
2424,58=root_prep_away_from
2425,58=root_prep_below
2426,58=root_prep_beneath
2427,58=root_prep_between
2428,58=root_prep_down
2429,58=root_prep_for
2430,58=root_prep_from
2431,58=root_prep_if
2432,58=root_prep_in
2433,58=root_prep_like
2434,58=root_prep_near
2435,58=root_prep_of
2436,58=root_prep_off
2437,58=root_prep_on
2438,58=root_prep_over
2439,58=root_prep_past
2440,58=root_prep_starting
2441,58=root_prep_that
2442,58=root_prep_through
2443,58=root_prep_to
2444,58=root_prep_towards
2445,58=root_prep_under
2446,58=root_prep_underneath
2447,58=root_prep_until
2448,58=root_prep_up
2449,58=root_prep_with
2450,58=root_prepc_below
2451,58=root_prepc_beneath
2452,58=root_prepc_from
2453,58=root_prepc_instead_of
2454,58=root_prepc_next_to
2455,58=root_prepc_of
2456,58=root_prepc_over
2457,58=root_prepc_to
2458,58=root_prepc_underneath
2459,58=root_rcmod
2460,58=root_root
2461,58=root_tmod
2462,58=root_xcomp
2463,58=tmod_root
2464,58=xcomp_advcl
2465,58=xcomp_advmod
2466,58=xcomp_amod
2467,58=xcomp_ccomp
2468,58=xcomp_conj_and
2469,58=xcomp_conj_or
2470,58=xcomp_dep
2471,58=xcomp_dobj
2472,58=xcomp_pcomp
2473,58=xcomp_pobj
2474,58=xcomp_prep
2475,58=xcomp_prep_about
2476,58=xcomp_prep_as
2477,58=xcomp_prep_at
2478,58=xcomp_prep_below
2479,58=xcomp_prep_between
2480,58=xcomp_prep_from
2481,58=xcomp_prep_in
2482,58=xcomp_prep_of
2483,58=xcomp_prep_on
2484,58=xcomp_prep_past
2485,58=xcomp_prep_starting
2486,58=xcomp_prep_to
2487,58=xcomp_prep_towards
2488,58=xcomp_prep_under
2489,58=xcomp_prep_until
2490,58=xcomp_prep_with
2491,58=xcomp_prepc_from
2492,58=xcomp_rcmod
2493,58=xcomp_root
2494,58=xcomp_xcomp
2495,5=advcl
2496,5=advmod
2497,5=agent
2498,5=amod
2499,5=attr
2500,5=cc
2501,5=ccomp
2502,5=conj_and
2503,5=conj_but
2504,5=conj_just
2505,5=conj_negcc
2506,5=conj_or
2507,5=dep
2508,5=det
2509,5=dobj
2510,5=expl
2511,5=mark
2512,5=na
2513,5=neg
2514,5=nn
2515,5=npadvmod
2516,5=nsubj
2517,5=nsubjpass
2518,5=num
2519,5=partmod
2520,5=pcomp
2521,5=pobj
2522,5=poss
2523,5=prep
2524,5=prep_about
2525,5=prep_above
2526,5=prep_across
2527,5=prep_across_from
2528,5=prep_after
2529,5=prep_along
2530,5=prep_apart_from
2531,5=prep_around
2532,5=prep_as
2533,5=prep_at
2534,5=prep_away_from
2535,5=prep_because_of
2536,5=prep_before
2537,5=prep_below
2538,5=prep_beneath
2539,5=prep_beside
2540,5=prep_between
2541,5=prep_beyond
2542,5=prep_by
2543,5=prep_close_to
2544,5=prep_down
2545,5=prep_far_from
2546,5=prep_following
2547,5=prep_for
2548,5=prep_from
2549,5=prep_if
2550,5=prep_in
2551,5=prep_in_front_of
2552,5=prep_inside
2553,5=prep_instead_of
2554,5=prep_into
2555,5=prep_it's
2556,5=prep_like
2557,5=prep_near
2558,5=prep_nearer
2559,5=prep_next_to
2560,5=prep_of
2561,5=prep_off
2562,5=prep_on
2563,5=prep_on_top_of
2564,5=prep_onto
2565,5=prep_opposite
2566,5=prep_out_of
2567,5=prep_over
2568,5=prep_past
2569,5=prep_than
2570,5=prep_that
2571,5=prep_that's
2572,5=prep_through
2573,5=prep_to
2574,5=prep_towards
2575,5=prep_under
2576,5=prep_underneath
2577,5=prep_until
2578,5=prep_up
2579,5=prep_with
2580,5=prep_within
2581,5=prepc_of
2582,5=prepc_to
2583,5=rcmod
2584,5=rel
2585,5=root
2586,5=tmod
2587,5=xcomp
2588,7=f
2589,7=g
2590,8=acknowledge
2591,8=align
2592,8=check
2593,8=clarify
2594,8=explain
2595,8=instruct
2596,8=query_w
2597,8=query_yn
2598,8=reply_n
2599,8=reply_w
2600,8=reply_y
2601,8=uncodable
2602,9=dctc
2603,9=def
2604,9=dem
2605,9=demnum
2606,9=el
2607,9=indef
2608,9=null
2609,9=num
2610,9=numpro
2611,9=poss
2612,9=posspro
2613,9=pro
2614,9=relpro
